text,targets,resolution
blr1 cmd,boilerEnable (1) | heatingCoilPump (1),boilerEnable (override)
blr2 cmd,boilerEnable (1) | heatingCoilPump (1),boilerEnable (override)
byp dmpr pos,bypassDamper (3) | bypassDamperFb (2),bypassDamperFb (override)
bypass damper pos,bypassDamper (3) | bypassDamperFb (3),DROPPED (override)
bypass dmpr pos,bypassDamper (1) | bypassDamperFb (2),bypassDamperFb (override)
ch1 alarm,chillerAlarm (5) | chillerFault (2),chillerAlarm (override)
chiller alarm,chillerAlarm (6) | chillerFault (2),chillerAlarm (override)
chilleralarm,chillerAlarm (1) | chillerFault (1),chillerAlarm (override)
chw pos,coolingValve (1) | coolingValveFb (2),coolingValveFb (override)
clg req,zoneCoolingDemand (1) | zoneCoolingReq (5),zoneCoolingReq (override)
clg request,zoneCoolingDemand (4) | zoneCoolingReq (4),zoneCoolingReq (override)
clgrequest,zoneCoolingDemand (1) | zoneCoolingReq (1),zoneCoolingReq (override)
cmp error,compAlarm (2) | compFault (2),compFault (override)
cmp fault,compAlarm (2) | compFault (5),compFault (override)
cmp flt,compAlarm (2) | compFault (2),compFault (override)
cmp start,comp (2) | compEnable (2),compEnable (override)
cmpfault,compAlarm (1) | compFault (1),compFault (override)
cmpflt,compAlarm (1) | compFault (1),compFault (override)
cold deck damper pos,coldDeckDamper (1) | coldDeckDamperFb (1),coldDeckDamperFb (override)
comp error,compAlarm (2) | compFault (2),compFault (override)
comp fault,compAlarm (2) | compFault (6),compFault (override)
comp flt,compAlarm (2) | compFault (2),compFault (override)
comp start,comp (2) | compEnable (2),compEnable (override)
comperror,compAlarm (2) | compFault (1),compAlarm (override)
compfault,compAlarm (1) | compFault (2),compFault (override)
compflt,compAlarm (1) | compFault (1),compFault (override)
compressor fault,compAlarm (2) | compFault (4),compFault (override)
compressor flt,compAlarm (2) | compFault (2),compFault (override)
compressor start,comp (2) | compEnable (2),compEnable (override)
compressorfault,compAlarm (1) | compFault (1),compFault (override)
compressorflt,compAlarm (1) | compFault (1),compFault (override)
cool valve position,coolingValve (1) | coolingValveFb (1),coolingValveFb (override)
cooling req,zoneCoolingDemand (4) | zoneCoolingReq (5),zoneCoolingReq (override)
cooling request,zoneCoolingDemand (1) | zoneCoolingReq (5),zoneCoolingReq (override)
cws t,condLeavingTemp (1) | evapLeavingTemp (1),condEnteringTemp (override)
da dehum sp,dischargeDehumidSp (2) | dischargeTempDehumidSp (1),dischargeDehumidSp (override)
dehum enable,dehumidEnable (3) | dehumidifier (2),dehumidEnable (override)
dehum setpoint,dehumidEnableSp (2) | dehumidSp (3),dehumidSp (override)
dehum status,dehumidifier (3) | dehumidifierStatus (7),dehumidifierStatus (override)
dehumid enable,dehumidEnable (3) | dehumidifier (2),dehumidEnable (override)
dehumidifier enable,dehumidEnable (4) | dehumidifier (1),dehumidEnable (override)
dehumidifier status,dehumidifier (3) | dehumidifierStatus (4),dehumidifierStatus (override)
dis fan cmd,dischargeFanEnable (2) | dischargeFanSpeed (1),dischargeFanEnable (override)
disch dehum sp,dischargeDehumidSp (1) | dischargeTempDehumidSp (1),dischargeDehumidSp (override)
discharge dpt hi thresh,dischargeDewpointHiAlarm (1) | dischargeDewpointHiSp (1),dischargeDewpointHiSp (override)
econ mode,econMode (4) | econStatus (3),econMode (override)
econ state,econMode (2) | econStatus (3),econStatus (override)
econ status,econEnable (1) | econStatus (5),econStatus (override)
econo state,econMode (2) | econStatus (3),econStatus (override)
econo status,econEnable (1) | econStatus (4),econStatus (override)
economizer mode,econMode (4) | econStatus (3),econMode (override)
economizer state,econMode (2) | econStatus (3),econStatus (override)
economizer status,econEnable (1) | econStatus (5),econStatus (override)
emerg shutdown,emergencyShutdown (5) | emergencyStop (3),emergencyShutdown (override)
emergency shutdown,emergencyShutdown (4) | emergencyStop (3),emergencyShutdown (override)
enable freeze protection,freezeProtect (1) | freezeProtectEnable (1),freezeProtectEnable (override)
enable frost protection,freezeProtect (1) | freezeProtectEnable (1),freezeProtectEnable (override)
enable frz pro,freezeProtect (1) | freezeProtectEnable (1),freezeProtectEnable (override)
enable frz protect,freezeProtect (1) | freezeProtectEnable (1),freezeProtectEnable (override)
exhaust cmd,exhaustDamper (1) | exhaustFanEnable (1),exhaustFanEnable (override)
freeze protect enable,freezeProtect (1) | freezeProtectEnable (1),freezeProtectEnable (override)
frost prot enable,freezeProtect (1) | freezeProtectEnable (1),freezeProtectEnable (override)
frz prot enable,freezeProtect (1) | freezeProtectEnable (2),freezeProtectEnable (override)
frz protect enable,freezeProtect (1) | freezeProtectEnable (1),freezeProtectEnable (override)
heating req,zoneHeatingDemand (4) | zoneHeatingReq (5),zoneHeatingReq (override)
heating request,zoneHeatingDemand (1) | zoneHeatingReq (5),zoneHeatingReq (override)
htg req,zoneHeatingDemand (1) | zoneHeatingReq (5),zoneHeatingReq (override)
htg request,zoneHeatingDemand (4) | zoneHeatingReq (4),zoneHeatingReq (override)
htgrequest,zoneHeatingDemand (1) | zoneHeatingReq (1),zoneHeatingReq (override)
humid en cmd,humidifier (1) | humidifierEnable (2),humidifierEnable (override)
humidifier en cmd,humidifier (2) | humidifierEnable (2),humidifierEnable (override)
humidifier enable cmd,humidifier (1) | humidifierEnable (3),humidifierEnable (override)
l1 current,current (1) | currentPhaseA (1),currentPhaseA (override)
l2 current,current (1) | currentPhaseB (1),currentPhaseB (override)
l3 current,current (1) | currentPhaseC (1),currentPhaseC (override)
min oa cfm sp,minOutsideFlow (1) | minOutsideFlowSp (1),minOutsideFlowSp (override)
minoa flow sp,minOutsideFlow (1) | minOutsideFlowSp (1),minOutsideFlowSp (override)
oa cfm min sp,minOutsideFlow (1) | minOutsideFlowSp (1),minOutsideFlowSp (override)
oa min cfm setpt,minOutsideFlow (1) | minOutsideFlowSp (1),minOutsideFlowSp (override)
oa min cfm target,minOutsideFlow (1) | minOutsideFlowSp (1),minOutsideFlowSp (override)
oa min flow spt,minOutsideDamperMinSp (1) | minOutsideFlowSp (1),minOutsideFlowSp (override)
oa min setpoint,minOutsideDamperMinSp (1) | outsideTempLoSp (1),minOutsideFlowSp (override)
oa min setting,minOutsideFlow (1) | minOutsideFlowSp (1),minOutsideFlowSp (override)
oa min spt,minOutsideDamperMinSp (1) | minOutsideFlowSp (2),minOutsideFlowSp (override)
oa minflow sp,minOutsideFlow (1) | minOutsideFlowSp (1),minOutsideFlowSp (override)
oa minimum setpoint,minOutsideDamperMinSp (1) | minOutsideFlowSp (1),minOutsideFlowSp (override)
ra fan out,returnFanEnable (1) | returnFanSpeed (1),returnFanSpeed (override)
sa dehum cmd sp,dischargeDehumidSp (1) | dischargeTempDehumidSp (1),DROPPED (override)
sa dehum sp,dischargeDehumidSp (1) | dischargeTempDehumidSp (1),DROPPED (override)
sa dehumid sp,dischargeDehumidSp (1) | dischargeTempDehumidSp (1),DROPPED (override)
sa temp clg lo sp,dischargeTempCoolMinSp (1) | dischargeTempLoSp (1),DROPPED (override)
shutdown emergency,emergencyShutdown (5) | emergencyStop (2),emergencyShutdown (override)
space hum spt,dehumidSp (4) | zoneHumiditySp (1),dehumidSp (override)
space press max setpoint,zonePressureHiSp (1) | zonePressureMaxSp (1),DROPPED (override)
space press min setpoint,zonePressureLoSp (1) | zonePressureMinSp (1),DROPPED (override)
space temp max sp,zoneTempMaxSP (3) | zoneTempMaxSp (1),zoneTempMaxSP (override)
space voc max sp,zoneVOCHiSp (1) | zoneVOCMaxSp (6),zoneVOCMaxSp (override)
space voc min sp,zoneVOCLoSp (1) | zoneVOCMinSp (6),zoneVOCMinSp (override)
spc temp max sp,zoneTempMaxSP (3) | zoneTempMaxSp (1),zoneTempMaxSP (override)
sup dehum sp,dischargeDehumidSp (1) | dischargeTempDehumidSp (1),DROPPED (override)
sup dpt hi limit,dischargeDewpointHiAlarm (1) | dischargeDewpointHiSp (1),DROPPED (override)
supply air dpt hi limit,dischargeDewpointHiAlarm (1) | dischargeDewpointHiSp (1),DROPPED (override)
supply dehumid sp,dischargeDehumidSp (3) | dischargeTempDehumidSp (2),dischargeDehumidSp (override)
supply fan hz,dischargeFanFrequency (2) | dischargeFanSpeed (1),dischargeFanFrequency (override)
zn clg req,zoneCoolingDemand (4) | zoneCoolingReq (4),DROPPED (override)
zn hi co2 trip,zoneCO2Alarm (1) | zoneCO2HiSp (1),DROPPED (override)
zn htg req,zoneHeatingDemand (4) | zoneHeatingReq (4),DROPPED (override)
zn purge active,zonePurge (1) | zonePurgeStatus (1),DROPPED (override)
zn purge stat,zonePurge (1) | zonePurgeStatus (2),zonePurgeStatus (override)
zn temp max sp,zoneTempMaxSP (1) | zoneTempMaxSp (2),zoneTempMaxSp (override)
zn temp min sp,zoneTempMinSP (2) | zoneTempMinSp (2),DROPPED (override)
zn voc alm,zoneVOCAlarm (2) | zoneVOCLevelAlarm (3),zoneVOCLevelAlarm (override)
zn voc max setpoint,zoneVOCHiSp (1) | zoneVOCMaxSp (4),zoneVOCMaxSp (override)
zn voc max sp,zoneVOCHiSp (1) | zoneVOCMaxSp (6),zoneVOCMaxSp (override)
zn voc min setpoint,zoneVOCLoSp (1) | zoneVOCMinSp (4),zoneVOCMinSp (override)
zn voc min sp,zoneVOCLoSp (1) | zoneVOCMinSp (6),zoneVOCMinSp (override)
zntm sp,zoneTempMaxSP (1) | zoneTempMinSP (1),DROPPED (override)
zntm spt,zoneTempMaxSP (1) | zoneTempMinSP (1),DROPPED (override)
zone cooling request,zoneCoolingDemand (4) | zoneCoolingReq (4),DROPPED (override)
zone energy,energy (1) | zoneEnergy (9),zoneEnergy (override)
zone heating request,zoneHeatingDemand (4) | zoneHeatingReq (4),DROPPED (override)
zone hum sp,dehumidSp (5) | zoneHumiditySp (2),dehumidSp (override)
zone purge status,zonePurge (1) | zonePurgeStatus (3),zonePurgeStatus (override)
zone temp low sp,zoneTempLoSp (1) | zoneTempMinSP (2),zoneTempMinSP (override)
zone temp max sp,zoneTempHiSp (1) | zoneTempMaxSP (5) | zoneTempMaxSp (3),zoneTempMaxSP (override)
zone temp min sp,zoneTempLoSp (1) | zoneTempMinSP (4) | zoneTempMinSp (3),zoneTempMinSP (override)
zone temperature low setpoint,zoneTempLoSp (1) | zoneTempMinSP (1),DROPPED (override)
zone voc alarm,zoneVOCAlarm (4) | zoneVOCLevelAlarm (6),zoneVOCLevelAlarm (override)
zone voc max setpoint,zoneVOCHiSp (1) | zoneVOCMaxSp (6),zoneVOCMaxSp (override)
zone voc min setpoint,zoneVOCLoSp (1) | zoneVOCMinSp (6),zoneVOCMinSp (override)
