label_a,label_b,relation,direction,evidence,n_confusions,sites,marker_jaccard,display_similarity,units_match,kind_match,proposed_by,status,reviewer,notes
priPumpStatus,secPumpStatus,site_variant,both,"confusion,cross_site",78,6,0.714,0.667,False,True,draft_equivalences.py,draft,,
priEnteringTemp,secEnteringTemp,site_variant,both,"confusion,cross_site",69,7,0.667,0.667,True,True,draft_equivalences.py,draft,,
priLeavingTemp,secLeavingTemp,site_variant,both,"confusion,cross_site",61,6,0.667,0.667,True,True,draft_equivalences.py,draft,,
evapEnteringTemp,secEnteringTemp,site_variant,both,"confusion,cross_site,probe",58,6,0.667,0.667,True,True,draft_equivalences.py,draft,,
evapLeavingTemp,secLeavingTemp,site_variant,both,"confusion,cross_site,probe",52,7,0.667,0.667,True,True,draft_equivalences.py,draft,,
systemEnable,twrEnable,confusable,both,confusion,71,0,0.333,0.4,False,True,draft_equivalences.py,draft,,
priPump,secPump,site_variant,both,"confusion,cross_site",55,5,0.667,0.667,False,True,draft_equivalences.py,draft,,
evapLeavingFlow,secLeavingFlow,site_variant,both,"confusion,cross_site",47,3,0.667,0.667,True,True,draft_equivalences.py,draft,,
priPumpSpeed,secPumpSpeed,site_variant,both,"confusion,cross_site",41,5,0.667,0.667,True,True,draft_equivalences.py,draft,,
occupiedCoolSp,zoneCoolSp,confusable,both,"confusion,cross_site",27,9,0.75,0.571,True,True,draft_equivalences.py,draft,,
evapPumpStatus,secPumpStatus,site_variant,both,"confusion,cross_site",29,8,0.571,0.667,False,True,draft_equivalences.py,draft,,
coolingValve,coolingValveFb,parent,a_to_b,"confusion,cross_site,probe",21,10,0.6,0.667,True,True,draft_equivalences.py,draft,,
chiller,chillerEnable,parent,a_to_b,"confusion,cross_site,display_sim",34,5,0.4,0.8,False,True,draft_equivalences.py,draft,,
condPumpSpeed,secPumpSpeed,confusable,both,"confusion,cross_site",40,3,0.667,0.667,True,True,draft_equivalences.py,draft,,
condLeavingTempSp,twrLeavingTempSp,site_variant,both,"confusion,cross_site",40,2,0.857,0.75,True,True,draft_equivalences.py,draft,,
occupiedHeatSp,zoneHeatSp,confusable,both,"confusion,cross_site",19,9,0.75,0.571,True,True,draft_equivalences.py,draft,,
twrEnable,twrFan,confusable,both,confusion,44,0,0.25,0.4,False,True,draft_equivalences.py,draft,,
condPumpStatus,secPumpStatus,confusable,both,"confusion,cross_site",28,5,0.571,0.667,False,True,draft_equivalences.py,draft,,
condEnteringTemp,condLeavingTemp,confusable,both,"confusion,cross_site,probe",20,7,0.667,0.667,True,True,draft_equivalences.py,draft,,
dischargeFlowCoolMaxSp,dischargeFlowMaxSp,parent,b_to_a,"confusion,cross_site,display_sim",17,8,0.714,0.909,True,True,draft_equivalences.py,draft,,
dischargeFlowCoolMinSp,dischargeFlowMinSp,parent,b_to_a,"confusion,cross_site,display_sim",17,8,0.714,0.909,True,True,draft_equivalences.py,draft,,
dischargeDamper,dischargeDamperFb,parent,a_to_b,"confusion,cross_site",15,8,0.667,0.667,True,True,draft_equivalences.py,draft,,
condLeavingTemp,twrLeavingTemp,site_variant,both,"confusion,cross_site",20,6,0.833,0.667,True,True,draft_equivalences.py,draft,,
evapLeavingTempSp,secLeavingTempSp,site_variant,both,"confusion,cross_site",31,2,0.625,0.75,True,True,draft_equivalences.py,draft,,
sumpHeater,twrFan,confusable,both,confusion,36,0,0.25,0.333,False,True,draft_equivalences.py,draft,,
evapPump,secPump,site_variant,both,"confusion,cross_site",13,7,0.667,0.667,False,True,draft_equivalences.py,draft,,
heatingValve,heatingValveFb,parent,a_to_b,"confusion,cross_site,probe",16,6,0.6,0.667,True,True,draft_equivalences.py,draft,,
heatingValve,reHeatingValve,parent,a_to_b,"confusion,cross_site,display_sim",18,5,0.6,0.857,True,True,draft_equivalences.py,draft,,
condEnteringTemp,twrEnteringTemp,site_variant,both,"confusion,cross_site",23,3,0.833,0.667,True,True,draft_equivalences.py,draft,,
heatingCoilPump,secPump,confusable,both,"confusion,cross_site",20,4,0.571,0.571,False,True,draft_equivalences.py,draft,,
evapPumpSpeed,secPumpSpeed,site_variant,both,"confusion,cross_site",22,3,0.667,0.667,True,True,draft_equivalences.py,draft,,
outsideDamper,outsideDamperFb,parent,a_to_b,"confusion,cross_site,display_sim,probe",19,4,0.667,0.8,True,True,draft_equivalences.py,draft,,
condIsoValve,condLeavingIsoValve,parent,a_to_b,confusion,30,0,,0.857,,,draft_equivalences.py,draft,,
damper,dischargeDamper,parent,a_to_b,"confusion,cross_site",6,8,,0.667,,,draft_equivalences.py,draft,,
boiler,boilerEnable,parent,a_to_b,"confusion,cross_site,display_sim",22,2,0.4,0.8,False,True,draft_equivalences.py,draft,,
condPumpSpeed,priPumpSpeed,confusable,both,"confusion,cross_site",16,4,0.667,0.667,True,True,draft_equivalences.py,draft,,
bypassValve,secBypassValve,parent,a_to_b,"confusion,cross_site,display_sim",21,2,0.714,0.857,True,True,draft_equivalences.py,draft,,
dischargeFanSpeed,secPumpSpeed,confusable,both,"confusion,cross_site",18,3,0.222,0.333,True,True,draft_equivalences.py,draft,,
heatingCoilPumpStatus,secPumpStatus,confusable,both,"confusion,cross_site",15,4,0.5,0.571,False,True,draft_equivalences.py,draft,,
twrEnteringIsoValve,twrLeavingIsoValve,site_variant,both,"confusion,cross_site,display_sim",21,2,0.778,0.8,True,True,draft_equivalences.py,draft,,
heatingStage,heatingValve,confusable,both,"confusion,cross_site",20,2,0.4,0.667,False,False,draft_equivalences.py,draft,,
secLeavingPressure,secPressureDelta,confusable,both,"confusion,cross_site",19,2,0.625,0.667,True,True,draft_equivalences.py,draft,,
evapPump,priPump,site_variant,both,"confusion,cross_site",15,3,0.667,0.667,False,True,draft_equivalences.py,draft,,
secEnteringFlow,secLeavingFlow,confusable,both,"confusion,cross_site",18,2,0.667,0.667,True,True,draft_equivalences.py,draft,,
condPump,secPump,confusable,both,"confusion,cross_site",14,3,0.667,0.667,False,True,draft_equivalences.py,draft,,
evapPumpStatus,priPumpStatus,site_variant,both,"confusion,cross_site",14,3,0.571,0.667,False,True,draft_equivalences.py,draft,,
minOutsideDamper,minOutsideDamperFb,parent,a_to_b,"confusion,cross_site,display_sim,probe",8,5,0.667,0.75,True,True,draft_equivalences.py,draft,,
returnCO2,zoneCO2,confusable,both,"confusion,cross_site",17,2,0.6,0.5,True,True,draft_equivalences.py,draft,,
condEnteringTemp,priEnteringTemp,confusable,both,"confusion,cross_site",13,3,0.667,0.667,True,True,draft_equivalences.py,draft,,
dischargeTempSp,zoneTempSp,confusable,both,"confusion,cross_site",13,3,0.444,0.667,True,True,draft_equivalences.py,draft,,
exhaustFanStatus,returnFanStatus,confusable,both,"confusion,cross_site",13,3,0.667,0.667,False,True,draft_equivalences.py,draft,,
chiller,chillerStatus,parent,a_to_b,"confusion,cross_site",15,2,0.6,0.5,False,True,draft_equivalences.py,draft,,
circPump,secPump,confusable,both,"confusion,cross_site",18,1,0.667,0.667,False,True,draft_equivalences.py,draft,,
occupiedCoolSp,zoneTempSp,confusable,both,"confusion,cross_site",12,3,0.444,0.333,True,True,draft_equivalences.py,draft,,
priEnteringIsoValve,priLeavingIsoValve,site_variant,both,"confusion,cross_site,display_sim",15,2,0.75,0.8,True,True,draft_equivalences.py,draft,,
returnDamper,returnDamperFb,parent,a_to_b,"confusion,cross_site,display_sim",6,5,0.714,0.8,True,True,draft_equivalences.py,draft,,
chillerEnable,systemEnable,confusable,both,"confusion,cross_site",11,3,0.5,0.667,False,True,draft_equivalences.py,draft,,
chillerStatus,dischargeFanStatus,confusable,both,"confusion,cross_site",14,2,0.429,0.4,False,True,draft_equivalences.py,draft,,
condPump,priPump,confusable,both,"confusion,cross_site",14,2,0.667,0.667,False,True,draft_equivalences.py,draft,,
condPumpStatus,priPumpStatus,confusable,both,"confusion,cross_site",17,1,0.571,0.667,False,True,draft_equivalences.py,draft,,
dischargePressure,dischargePressureSp,parent,a_to_b,"confusion,cross_site,display_sim",8,4,0.625,0.8,True,True,draft_equivalences.py,draft,,
exhaustDamper,reliefDamper,confusable,both,"confusion,cross_site",14,2,0.571,0.4,True,True,draft_equivalences.py,draft,,
heatingCoilDischargeTemp,preHeatingCoilDischargeTemp,parent,a_to_b,"confusion,cross_site,display_sim",11,3,0.714,0.889,True,True,draft_equivalences.py,draft,,
minOutsideFlow,outsideFlow,parent,b_to_a,"confusion,cross_site",17,1,0.5,0.4,True,True,draft_equivalences.py,draft,,
outsideDamper,outsideIsoDamper,parent,a_to_b,"confusion,cross_site,display_sim",8,4,0.571,0.8,True,False,draft_equivalences.py,draft,,
priLeavingTempSp,secLeavingTempSp,site_variant,both,"confusion,cross_site,display_sim",11,3,0.625,0.75,True,True,draft_equivalences.py,draft,,
condLeavingTemp,priLeavingTemp,confusable,both,"confusion,cross_site",13,2,0.667,0.667,True,True,draft_equivalences.py,draft,,
evapEnteringIsoValve,evapLeavingIsoValve,site_variant,both,"confusion,cross_site,display_sim",16,1,0.75,0.8,True,True,draft_equivalences.py,draft,,
exhaustDamper,exhaustDamperFb,parent,a_to_b,"confusion,cross_site,display_sim",16,1,0.714,0.8,True,True,draft_equivalences.py,draft,,
secLeavingPressureSp,secPressureDeltaSp,site_variant,both,"confusion,cross_site,display_sim",16,1,0.625,0.75,True,True,draft_equivalences.py,draft,,
twrEnteringIsoValve,twrIsoValve,parent,b_to_a,"confusion,cross_site",10,3,,0.857,,,draft_equivalences.py,draft,,
evapIsoValve,evapLeavingIsoValve,parent,a_to_b,confusion,18,0,,0.857,,,draft_equivalences.py,draft,,
exhaustFanSpeed,secPumpSpeed,confusable,both,"confusion,cross_site",12,2,0.25,0.333,True,True,draft_equivalences.py,draft,,
minOutsideDamper,outsideDamper,parent,b_to_a,"cross_site,probe",0,6,0.667,0.667,True,True,draft_equivalences.py,draft,,
minOutsideDamper,outsideDamperMinSp,parent,a_to_b,"confusion,cross_site,probe",6,4,0.375,0.444,True,True,draft_equivalences.py,draft,,
circPumpStatus,secPumpStatus,confusable,both,"confusion,cross_site",14,1,0.571,0.667,False,True,draft_equivalences.py,draft,,
dischargeFan,dischargeFanSpeed,parent,a_to_b,"confusion,cross_site",8,3,0.714,0.667,False,False,draft_equivalences.py,draft,,
sumpTemp,twrLeavingTemp,confusable,both,confusion,17,0,0.429,0.4,True,True,draft_equivalences.py,draft,,
twrEnteringIsoValveFb,twrLeavingIsoValveFb,site_variant,both,"confusion,display_sim",17,0,0.778,0.8,True,True,draft_equivalences.py,draft,,
coldDeckDischargeTemp,dischargeTemp,parent,b_to_a,cross_site,1,5,0.667,0.667,True,True,draft_equivalences.py,draft,,
condEnteringTemp,twrLeavingTemp,confusable,both,"confusion,cross_site,probe",7,3,0.571,0.333,True,True,draft_equivalences.py,draft,,
dischargeFan,outsideFan,confusable,both,"confusion,cross_site",13,1,0.571,0.667,False,True,draft_equivalences.py,draft,,
evapEnteringFlow,evapLeavingFlow,confusable,both,"confusion,cross_site",10,2,0.667,0.667,True,True,draft_equivalences.py,draft,,
occupancyMode,systemEnable,confusable,both,"confusion,cross_site",10,2,0.2,0.0,False,True,draft_equivalences.py,draft,,
returnCO2Sp,zoneCO2Sp,confusable,both,"confusion,cross_site",10,2,0.667,0.667,True,True,draft_equivalences.py,draft,,
condLeavingTemp,twrEnteringTemp,confusable,both,"confusion,cross_site,probe",3,4,0.571,0.333,True,True,draft_equivalences.py,draft,,
evapPressureDelta,secPressureDelta,site_variant,both,"confusion,cross_site",9,2,0.625,0.667,True,True,draft_equivalences.py,draft,,
evapPumpEnable,secPump,confusable,both,confusion,15,0,0.429,0.333,False,True,draft_equivalences.py,draft,,
priPressureDelta,secPressureDelta,site_variant,both,"confusion,cross_site",9,2,0.75,0.667,True,True,draft_equivalences.py,draft,,
priValveOneThird,priValveTwoThird,site_variant,both,cross_site,0,5,0.714,1.0,True,True,draft_equivalences.py,draft,,
pump,secPump,parent,a_to_b,"confusion,display_sim",15,0,0.667,0.8,False,True,draft_equivalences.py,draft,,
secLeavingTempSp,twrLeavingTempSp,site_variant,both,"confusion,cross_site",12,1,0.556,0.75,True,True,draft_equivalences.py,draft,,
sumpHeater,twrFanStatus,confusable,both,confusion,15,0,0.111,0.0,False,True,draft_equivalences.py,draft,,
condFlowStatus,condLeavingFlow,confusable,both,"confusion,cross_site",11,1,0.667,0.667,False,False,draft_equivalences.py,draft,,
dischargeFanStatus,outsideFanStatus,confusable,both,"confusion,cross_site",11,1,0.571,0.667,False,True,draft_equivalences.py,draft,,
evapIsoValveStatus,evapLeavingIsoValveFb,confusable,both,confusion,14,0,,0.667,,,draft_equivalences.py,draft,,
heatingEnable,hvacMode,confusable,both,"confusion,cross_site",11,1,0.143,0.0,False,False,draft_equivalences.py,draft,,
occupancyMode,unitEnable,confusable,both,"confusion,cross_site",11,1,0.167,0.0,False,True,draft_equivalences.py,draft,,
priPressureDeltaSp,secPressureDeltaSp,site_variant,both,"confusion,cross_site,display_sim",8,2,0.75,0.75,True,True,draft_equivalences.py,draft,,
comp,coolingStage,confusable,both,confusion,13,0,0.5,0.4,False,True,draft_equivalences.py,draft,,
condEnteringTempSp,condLeavingTempSp,site_variant,both,"confusion,cross_site,display_sim",7,2,0.714,0.75,True,True,draft_equivalences.py,draft,,
dischargeFan,dischargeFanStatus,parent,a_to_b,"confusion,cross_site,probe",4,3,0.714,0.667,False,True,draft_equivalences.py,draft,,
evapLeavingFlow,secEnteringFlow,confusable,both,"confusion,cross_site",10,1,0.429,0.333,True,True,draft_equivalences.py,draft,,
exhaustFan,exhaustFanStatus,parent,a_to_b,"cross_site,probe",1,4,0.667,0.667,False,True,draft_equivalences.py,draft,,
heatingEnable,unitStatus,confusable,both,confusion,13,0,0.0,0.0,False,True,draft_equivalences.py,draft,,
heatingValve,preHeatingValve,parent,a_to_b,"confusion,cross_site,display_sim",7,2,0.6,0.857,True,True,draft_equivalences.py,draft,,
pumpStatus,secPumpStatus,parent,a_to_b,"confusion,cross_site,display_sim",10,1,0.571,0.8,False,True,draft_equivalences.py,draft,,
condBypassValve,twrBypassValve,site_variant,both,confusion,12,0,0.857,0.75,True,True,draft_equivalences.py,draft,,
condEnteringFlow,condLeavingFlow,confusable,both,confusion,12,0,0.667,0.667,True,True,draft_equivalences.py,draft,,
dischargeTempHeatSp,heatingCoilDischargeTempSp,site_variant,both,"confusion,display_sim",12,0,0.556,0.889,True,True,draft_equivalences.py,draft,,
hotDeckDamper,hotDeckDamperFb,parent,a_to_b,"confusion,cross_site,display_sim",6,2,0.667,0.75,True,True,draft_equivalences.py,draft,,
priLeavingTempSp,twrLeavingTempSp,site_variant,both,confusion,12,0,0.625,0.75,True,True,draft_equivalences.py,draft,,
priPump,priPumpStatus,parent,a_to_b,cross_site,0,4,0.571,0.667,False,True,draft_equivalences.py,draft,,
dischargeFlowMaxSp,dischargePressureMaxSp,site_variant,both,"confusion,cross_site,display_sim",5,2,0.625,0.8,False,True,draft_equivalences.py,draft,,
evapIsoValveFb,evapLeavingIsoValveFb,parent,a_to_b,confusion,11,0,,0.889,,,draft_equivalences.py,draft,,
evapLeavingIsoValve,evapLeavingIsoValveFb,parent,a_to_b,"confusion,display_sim",11,0,0.75,0.8,True,True,draft_equivalences.py,draft,,
evapLeavingTemp,priLeavingTemp,site_variant,both,"confusion,cross_site",5,2,0.667,0.667,True,True,draft_equivalences.py,draft,,
evapPressureDeltaSp,secPressureDeltaSp,site_variant,both,"confusion,cross_site",8,1,0.625,0.75,True,True,draft_equivalences.py,draft,,
heatingStage,sumpHeater,confusable,both,confusion,11,0,0.333,0.333,False,True,draft_equivalences.py,draft,,
humidifier,humidifierValve,parent,a_to_b,"confusion,cross_site,display_sim",8,1,0.333,0.8,False,False,draft_equivalences.py,draft,,
outsideDamper,outsideIsoDamperFb,parent,a_to_b,"confusion,cross_site",8,1,0.375,0.667,True,False,draft_equivalences.py,draft,,
outsideTemp,wheelOutsideTemp,parent,a_to_b,"confusion,display_sim",11,0,0.8,0.8,True,True,draft_equivalences.py,draft,,
preHeatingCoilDischargeTemp,preHeatingCoilLeavingTemp,site_variant,both,"confusion,cross_site,display_sim",5,2,0.5,0.8,True,True,draft_equivalences.py,draft,,
sumpHeater,twrLeavingIsoValve,confusable,both,confusion,11,0,0.182,0.25,False,True,draft_equivalences.py,draft,,
zoneCO,zoneCO2,parent,a_to_b,"confusion,cross_site",8,1,0.6,0.5,True,True,draft_equivalences.py,draft,,
zoneTemp,zoneTempLoSp,parent,a_to_b,confusion,11,0,0.429,0.667,True,True,draft_equivalences.py,draft,,
zoneTempSp,zoneTempSpBAS,parent,a_to_b,"confusion,display_sim",11,0,0.714,0.857,True,True,draft_equivalences.py,draft,,
boosterPumpStatus,heatingCoilPumpStatus,confusable,both,confusion,10,0,0.571,0.571,False,True,draft_equivalences.py,draft,,
bypassDamper,bypassDamperFb,parent,a_to_b,"confusion,cross_site",7,1,0.667,0.667,True,True,draft_equivalences.py,draft,,
condLeavingIsoValve,condLeavingIsoValveFb,parent,a_to_b,"confusion,display_sim",10,0,0.75,0.8,True,True,draft_equivalences.py,draft,,
condPump,condPumpStatus,parent,a_to_b,"confusion,cross_site",7,1,0.667,0.667,False,True,draft_equivalences.py,draft,,
evapEnteringFlow,secLeavingFlow,confusable,both,confusion,10,0,0.429,0.333,True,True,draft_equivalences.py,draft,,
evapEnteringTemp,priEnteringTemp,site_variant,both,"confusion,cross_site,probe",7,1,0.667,0.667,True,True,draft_equivalences.py,draft,,
preHeatingCoilDischargeTemp,preHeatingTemp,parent,b_to_a,cross_site,1,3,,0.75,,,draft_equivalences.py,draft,,
preHeatingCoilPump,priPump,confusable,both,confusion,10,0,0.571,0.5,False,True,draft_equivalences.py,draft,,
bypassValve,secEnteringBypassValve,parent,a_to_b,confusion,9,0,0.5,0.75,True,True,draft_equivalences.py,draft,,
coldDeckDamper,coldDeckDamperFb,parent,a_to_b,"confusion,cross_site,display_sim",6,1,0.667,0.75,True,True,draft_equivalences.py,draft,,
coldDeckDischargeFlow,dischargeFlow,parent,b_to_a,"confusion,cross_site",6,1,0.667,0.333,True,True,draft_equivalences.py,draft,,
condEnteringIsoValve,evapEnteringIsoValve,site_variant,both,"cross_site,display_sim",0,3,0.75,0.8,True,True,draft_equivalences.py,draft,,
condEnteringIsoValveFb,evapEnteringIsoValveFb,site_variant,both,"cross_site,display_sim",0,3,0.75,0.8,True,True,draft_equivalences.py,draft,,
damper,dischargeDamperFb,parent,a_to_b,cross_site,0,3,,0.5,,,draft_equivalences.py,draft,,
damperFb,dischargeDamperFb,parent,a_to_b,cross_site,0,3,,0.8,,,draft_equivalences.py,draft,,
dischargeFlowHeatMinSp,dischargeFlowHeatSp,parent,b_to_a,cross_site,0,3,,0.889,,,draft_equivalences.py,draft,,
enteringTemp,priEnteringTemp,parent,a_to_b,cross_site,0,3,,0.8,,,draft_equivalences.py,draft,,
evapPump,evapPumpStatus,parent,a_to_b,cross_site,0,3,0.667,0.667,False,True,draft_equivalences.py,draft,,
heatingCoilDischargeTempSp,preHeatingCoilDischargeTempSp,parent,a_to_b,"confusion,cross_site,display_sim",6,1,0.75,0.909,True,True,draft_equivalences.py,draft,,
heatingValve,radiantHeatingValve,parent,a_to_b,cross_site,0,3,0.8,0.857,True,True,draft_equivalences.py,draft,,
heatingValveFb,radiantHeatingValveFb,parent,a_to_b,cross_site,0,3,0.8,0.857,True,True,draft_equivalences.py,draft,,
heatingValveFb,reHeatingValveFb,parent,a_to_b,"confusion,cross_site,display_sim",6,1,0.6,0.857,True,True,draft_equivalences.py,draft,,
heatingValveOneThird,heatingValveTwoThird,site_variant,both,"cross_site,display_sim",0,3,0.667,1.0,True,True,draft_equivalences.py,draft,,
priLeavingFlow,secLeavingFlow,site_variant,both,"confusion,cross_site",6,1,0.667,0.667,True,True,draft_equivalences.py,draft,,
secBypassValve,secEnteringBypassValve,parent,a_to_b,"confusion,display_sim",9,0,0.5,0.889,True,True,draft_equivalences.py,draft,,
secPressureDelta,secPressureDeltaSp,parent,a_to_b,"confusion,cross_site,display_sim",6,1,0.556,0.857,True,True,draft_equivalences.py,draft,,
current,dischargeFanCurrent,parent,a_to_b,confusion,8,0,0.125,0.4,True,True,draft_equivalences.py,draft,,
dischargeDamper,dischargeIsoDamper,parent,a_to_b,confusion,8,0,0.5,0.857,True,False,draft_equivalences.py,draft,,
dischargeFlowHeatMinSp,dischargeFlowMinSp,parent,b_to_a,"confusion,cross_site,display_sim",2,2,0.714,0.909,True,True,draft_equivalences.py,draft,,
dischargePressure,hotDeckDischargePressure,parent,a_to_b,"confusion,cross_site",5,1,0.714,0.667,True,True,draft_equivalences.py,draft,,
dischargeTempHiSp,dischargeTempMaxSp,site_variant,both,confusion,8,0,0.625,0.667,True,True,draft_equivalences.py,draft,,
dischargeTempLoSp,dischargeTempMinSp,site_variant,both,confusion,8,0,0.625,0.667,True,True,draft_equivalences.py,draft,,
evapLeavingFlowSp,secLeavingFlowSp,site_variant,both,confusion,8,0,0.714,0.75,True,True,draft_equivalences.py,draft,,
exhaustDamper,exhaustIsoDamper,parent,a_to_b,"confusion,display_sim",8,0,0.714,0.8,True,False,draft_equivalences.py,draft,,
exhaustFan,exhaustFanEnable,parent,a_to_b,"confusion,display_sim,probe",8,0,0.667,0.857,False,True,draft_equivalences.py,draft,,
exhaustTemp,wheelExhaustTemp,parent,a_to_b,"confusion,cross_site,display_sim",5,1,0.8,0.8,True,True,draft_equivalences.py,draft,,
heatingValve,perimeterHeatingValve,parent,a_to_b,"confusion,cross_site,display_sim",2,2,0.6,0.857,True,True,draft_equivalences.py,draft,,
outsideFlow,outsideFlowMaxSp,parent,a_to_b,confusion,8,0,0.429,0.667,True,True,draft_equivalences.py,draft,,
priLeavingIsoValve,secLeavingIsoValve,site_variant,both,"confusion,display_sim",8,0,0.75,0.8,True,True,draft_equivalences.py,draft,,
priLeavingTemp,priLeavingTempSp,parent,a_to_b,"confusion,display_sim",8,0,0.571,0.857,True,True,draft_equivalences.py,draft,,
returnTemp,returnTempSp,parent,a_to_b,"confusion,display_sim",8,0,0.429,0.8,True,True,draft_equivalences.py,draft,,
zoneTemp,zoneTempSp,parent,a_to_b,"confusion,cross_site,display_sim",2,2,0.429,0.8,True,True,draft_equivalences.py,draft,,
compDischargePressure,dischargePressure,parent,b_to_a,"confusion,display_sim",7,0,0.429,0.8,False,True,draft_equivalences.py,draft,,
compPowerReal,powerReal,parent,b_to_a,"confusion,display_sim",7,0,0.6,0.8,True,True,draft_equivalences.py,draft,,
condLeavingIsoValve,priLeavingIsoValve,site_variant,both,"confusion,cross_site,display_sim",4,1,0.75,0.8,True,True,draft_equivalences.py,draft,,
condLeavingIsoValve,twrLeavingIsoValve,site_variant,both,confusion,7,0,0.875,0.8,True,True,draft_equivalences.py,draft,,
condPressureDeltaSp,priPressureDeltaSp,site_variant,both,"confusion,display_sim",7,0,0.75,0.75,True,True,draft_equivalences.py,draft,,
coolingCoilDischargeTempSp,dischargeTempSp,parent,b_to_a,"confusion,cross_site",4,1,0.556,0.75,True,True,draft_equivalences.py,draft,,
dischargeFanSpeed,dischargeFanSpeedStage,parent,a_to_b,"confusion,display_sim",7,0,0.571,0.857,False,False,draft_equivalences.py,draft,,
dischargeFlowHeatMaxSp,dischargeFlowMaxSp,parent,b_to_a,"cross_site,display_sim",1,2,0.714,0.909,True,True,draft_equivalences.py,draft,,
exhaustDamperFb,exhaustIsoDamperFb,parent,a_to_b,"confusion,display_sim",7,0,0.714,0.857,True,False,draft_equivalences.py,draft,,
faceBypassDamper,faceDamper,parent,b_to_a,"cross_site,display_sim",1,2,0.6,0.857,True,True,draft_equivalences.py,draft,,
outsideDamperFb,outsideDamperStatus,site_variant,both,"confusion,cross_site",4,1,,0.667,,,draft_equivalences.py,draft,,
perimeterHeatingValve,radiantHeatingValve,site_variant,both,"confusion,cross_site,display_sim",4,1,0.5,0.75,True,True,draft_equivalences.py,draft,,
secPumpSpeed,secPumpSpeedFb,parent,a_to_b,"cross_site,display_sim",1,2,0.667,0.857,True,True,draft_equivalences.py,draft,,
ahuDischargeTemp,dischargeTemp,parent,b_to_a,"confusion,cross_site,display_sim",3,1,0.429,0.8,True,True,draft_equivalences.py,draft,,
condEnteringIsoValve,condIsoValve,parent,b_to_a,confusion,6,0,,0.857,,,draft_equivalences.py,draft,,
condIsoValve,condLeavingIsoValveFb,parent,a_to_b,confusion,6,0,,0.75,,,draft_equivalences.py,draft,,
condLeavingIsoValve,evapLeavingIsoValve,site_variant,both,"confusion,display_sim",6,0,0.75,0.8,True,True,draft_equivalences.py,draft,,
condLeavingIsoValve,secLeavingIsoValve,site_variant,both,"confusion,display_sim",6,0,0.75,0.8,True,True,draft_equivalences.py,draft,,
coolingCoilDischargeTemp,coolingCoilLeavingTemp,site_variant,both,"cross_site,display_sim",0,2,0.5,0.75,True,True,draft_equivalences.py,draft,,
coolingStageStatus,coolingStatus,parent,b_to_a,confusion,6,0,,0.8,,,draft_equivalences.py,draft,,
dischargeDamperFb,dischargeIsoDamperFb,parent,a_to_b,confusion,6,0,0.5,0.857,True,False,draft_equivalences.py,draft,,
dischargeFanSpeed,dischargeFanSpeedFb,parent,a_to_b,"cross_site,display_sim,probe",0,2,0.571,0.857,True,True,draft_equivalences.py,draft,,
dischargeFlowCoolMinSp,dischargeFlowHeatMinSp,site_variant,both,"cross_site,display_sim",0,2,0.714,0.833,True,True,draft_equivalences.py,draft,,
dischargeTemp,dischargeTempSp,parent,a_to_b,"cross_site,display_sim",0,2,0.5,0.8,True,True,draft_equivalences.py,draft,,
econEnableEnthalpySp,econEnableSp,parent,b_to_a,"confusion,display_sim",6,0,0.667,0.75,False,True,draft_equivalences.py,draft,,
energy,energyMax,parent,a_to_b,confusion,6,0,0.333,0.667,True,True,draft_equivalences.py,draft,,
evapEnteringIsoValve,evapIsoValve,parent,b_to_a,"confusion,cross_site",3,1,,0.857,,,draft_equivalences.py,draft,,
heatingStageStatus,heatingStatus,parent,b_to_a,confusion,6,0,,0.8,,,draft_equivalences.py,draft,,
humidifier,humidifierEnable,parent,a_to_b,"confusion,display_sim",6,0,0.333,0.8,False,True,draft_equivalences.py,draft,,
minOutsideDamper,minOutsideDamperMinSp,parent,a_to_b,"confusion,display_sim",6,0,0.571,0.75,True,True,draft_equivalences.py,draft,,
priLeavingPressure,secLeavingPressure,site_variant,both,confusion,6,0,0.5,0.667,True,True,draft_equivalences.py,draft,,
priPumpFault,secPumpFault,site_variant,both,confusion,6,0,0.667,0.667,False,True,draft_equivalences.py,draft,,
zoneCO2HiSp,zoneCOSp,parent,b_to_a,confusion,6,0,0.429,0.571,True,True,draft_equivalences.py,draft,,
zoneTemp,zoneTempAvg,parent,a_to_b,"cross_site,display_sim",0,2,0.5,0.8,True,True,draft_equivalences.py,draft,,
zoneTemp,zoneTempHiSp,parent,a_to_b,confusion,6,0,0.429,0.667,True,True,draft_equivalences.py,draft,,
coldDeckDischargeTempMaxSp,dischargeTempMaxSp,parent,b_to_a,"confusion,display_sim",5,0,0.625,0.833,True,True,draft_equivalences.py,draft,,
dehumidEnableSp,dehumidSp,parent,b_to_a,confusion,5,0,,0.8,,,draft_equivalences.py,draft,,
dischargeFlowCoolMaxSp,dischargeFlowHeatMaxSp,site_variant,both,"confusion,cross_site,display_sim",2,1,0.714,0.833,True,True,draft_equivalences.py,draft,,
dischargePressureLoSp,dischargePressureMinSp,site_variant,both,confusion,5,0,0.75,0.667,True,True,draft_equivalences.py,draft,,
dischargePressureSp,hotDeckDischargePressureSp,parent,a_to_b,"confusion,cross_site",2,1,0.75,0.75,True,True,draft_equivalences.py,draft,,
leavingTemp,priLeavingTemp,parent,a_to_b,"confusion,cross_site",2,1,,0.8,,,draft_equivalences.py,draft,,
twrBypassValve,twrBypassValveFb,parent,a_to_b,"confusion,cross_site,display_sim",2,1,0.75,0.75,True,True,draft_equivalences.py,draft,,
zoneCO2HiSp,zoneCO2Sp,parent,b_to_a,"confusion,display_sim",5,0,0.667,0.857,True,True,draft_equivalences.py,draft,,
buildingPressure,buildingPressureSp,parent,a_to_b,"cross_site,display_sim",1,1,0.5,0.8,True,True,draft_equivalences.py,draft,,
dischargeFlowMinSp,dischargePressureMinSp,site_variant,both,"cross_site,display_sim",1,1,0.625,0.8,False,True,draft_equivalences.py,draft,,
drainValve,twrDrainValve,parent,a_to_b,confusion,4,0,0.375,0.857,True,True,draft_equivalences.py,draft,,
heatingCoilPump,heatingCoilPumpEnable,parent,a_to_b,"confusion,display_sim",4,0,0.714,0.75,False,True,draft_equivalences.py,draft,,
heatingEnable,heatingEnableSp,parent,a_to_b,confusion,4,0,0.333,0.667,False,False,draft_equivalences.py,draft,,
heatingValveFb,perimeterHeatingValveFb,parent,a_to_b,"cross_site,display_sim",1,1,0.6,0.857,True,True,draft_equivalences.py,draft,,
minOutsideDamperFb,outsideDamperFb,parent,b_to_a,"cross_site,display_sim,probe",1,1,0.667,0.857,True,True,draft_equivalences.py,draft,,
outsideFlow,outsideFlowMinSp,parent,a_to_b,confusion,4,0,0.429,0.667,True,True,draft_equivalences.py,draft,,
returnFanSpeed,returnFanSpeedFb,parent,a_to_b,"cross_site,display_sim",1,1,0.571,0.857,True,True,draft_equivalences.py,draft,,
returnTemp,wheelReturnTemp,parent,a_to_b,"confusion,display_sim",4,0,0.8,0.8,True,True,draft_equivalences.py,draft,,
secBypassValve,secEnteringBypassValveFb,parent,a_to_b,confusion,4,0,0.333,0.667,True,True,draft_equivalences.py,draft,,
twrDrainValve,twrFillValve,site_variant,both,"confusion,display_sim",4,0,0.75,0.75,True,True,draft_equivalences.py,draft,,
twrFan,twrFanSpeed,parent,a_to_b,confusion,4,0,0.667,0.667,False,False,draft_equivalences.py,draft,,
wheel,wheelDischargeFan,parent,a_to_b,confusion,4,0,0.429,0.667,False,True,draft_equivalences.py,draft,,
wheelReturnFanStatus,wheelStatus,parent,b_to_a,confusion,4,0,0.429,0.667,False,True,draft_equivalences.py,draft,,
buildingPressure,buildingPressureAvg,parent,a_to_b,"cross_site,display_sim",0,1,0.5,0.8,True,True,draft_equivalences.py,draft,,
coldDeckDischargeTemp,coldDeckDischargeTempSp,parent,a_to_b,"cross_site,display_sim",0,1,0.571,0.889,True,True,draft_equivalences.py,draft,,
coldDeckDischargeTemp,hotDeckDischargeTemp,site_variant,both,"cross_site,display_sim",0,1,0.667,0.75,True,True,draft_equivalences.py,draft,,
condPump,condPumpEnable,parent,a_to_b,confusion,3,0,0.667,0.667,False,True,draft_equivalences.py,draft,,
coolingDemand,zoneCoolingDemand,parent,a_to_b,"cross_site,display_sim",0,1,0.5,0.8,True,True,draft_equivalences.py,draft,,
damper,damperFb,parent,a_to_b,"cross_site,probe",0,1,,0.667,,,draft_equivalences.py,draft,,
damperFb,outsideDamperFb,parent,a_to_b,"cross_site,probe",0,1,,0.8,,,draft_equivalences.py,draft,,
dischargeDamper,dischargeDamperOvr,parent,a_to_b,confusion,3,0,0.667,0.667,True,True,draft_equivalences.py,draft,,
dischargeFanSpeedFb,returnFanSpeedFb,site_variant,both,"cross_site,display_sim",0,1,0.667,0.75,True,True,draft_equivalences.py,draft,,
dischargeFlow,dischargeFlowSp,parent,a_to_b,"cross_site,display_sim,probe",0,1,0.571,0.8,True,True,draft_equivalences.py,draft,,
dischargeFlowMaxSp,dischargeFlowMinSp,site_variant,both,"cross_site,display_sim",0,1,0.714,0.8,True,True,draft_equivalences.py,draft,,
dischargeTempCoolSp,dischargeTempSp,parent,b_to_a,"cross_site,display_sim",0,1,0.556,0.857,True,True,draft_equivalences.py,draft,,
dischargeTempHeatSp,reHeatingCoilDischargeTempSp,site_variant,both,"cross_site,display_sim",0,1,0.4,0.8,True,True,draft_equivalences.py,draft,,
dischargeTempSp,wheelDischargeTempSp,parent,a_to_b,"confusion,display_sim",3,0,0.625,0.857,True,True,draft_equivalences.py,draft,,
evapEnteringIsoValve,priEnteringIsoValve,site_variant,both,confusion,3,0,0.75,0.8,True,True,draft_equivalences.py,draft,,
evapEnteringIsoValve,twrEnteringIsoValve,site_variant,both,confusion,3,0,0.667,0.8,True,True,draft_equivalences.py,draft,,
evapPressureDelta,priPressureDelta,site_variant,both,confusion,3,0,0.625,0.667,True,True,draft_equivalences.py,draft,,
exhaustFanSpeed,exhaustFanSpeedFb,parent,a_to_b,"cross_site,display_sim",0,1,0.667,0.857,True,True,draft_equivalences.py,draft,,
exhaustFanSpeed,exhaustFanSpeedSp,parent,a_to_b,"confusion,display_sim",3,0,0.571,0.857,True,True,draft_equivalences.py,draft,,
faceBypassDamper,faceBypassDamperFb,parent,a_to_b,"cross_site,display_sim",0,1,0.6,0.75,True,True,draft_equivalences.py,draft,,
heatingCoilDischargeTemp,heatingCoilLeavingTemp,site_variant,both,"cross_site,display_sim",0,1,0.5,0.75,True,True,draft_equivalences.py,draft,,
heatingDemand,zoneHeatingDemand,parent,a_to_b,"cross_site,display_sim",0,1,0.5,0.8,True,True,draft_equivalences.py,draft,,
heatingEnable,reHeatingEnable,parent,a_to_b,"confusion,display_sim",3,0,0.6,0.857,False,True,draft_equivalences.py,draft,,
heatingStage,reHeatingStage,parent,a_to_b,"cross_site,display_sim",0,1,0.5,0.857,False,True,draft_equivalences.py,draft,,
heatingStageMod,preHeatingStageMod,parent,a_to_b,"confusion,display_sim",3,0,0.5,0.75,True,True,draft_equivalences.py,draft,,
heatingValve,heatingValveTwoThird,parent,a_to_b,"cross_site,display_sim",0,1,0.8,1.0,True,True,draft_equivalences.py,draft,,
hotDeckDischargeFlowMaxSp,hotDeckDischargeFlowSp,parent,b_to_a,"cross_site,display_sim",0,1,0.714,0.909,True,True,draft_equivalences.py,draft,,
minOutsideFan,outsideFan,parent,b_to_a,"cross_site,display_sim",0,1,0.667,0.857,False,True,draft_equivalences.py,draft,,
minOutsideFlow,minOutsideFlowSp,parent,a_to_b,"cross_site,display_sim",0,1,0.5,0.857,True,True,draft_equivalences.py,draft,,
mixedTemp,mixedTempSp,parent,a_to_b,"cross_site,display_sim",0,1,0.5,0.8,True,True,draft_equivalences.py,draft,,
occupancyMode,occupancyModeOvr,parent,a_to_b,"cross_site,display_sim",0,1,0.5,0.8,False,True,draft_equivalences.py,draft,,
outsideDamper,outsideDamperSp,parent,a_to_b,"cross_site,display_sim",0,1,0.571,0.8,True,True,draft_equivalences.py,draft,,
outsideDamperFb,outsideIsoDamperFb,parent,a_to_b,"cross_site,display_sim",0,1,0.571,0.857,True,False,draft_equivalences.py,draft,,
outsideIsoDamper,outsideIsoDamperFb,parent,a_to_b,"cross_site,display_sim",0,1,0.714,0.857,True,True,draft_equivalences.py,draft,,
perimeterHeatingValve,reHeatingValve,site_variant,both,"cross_site,display_sim",0,1,0.6,0.75,True,True,draft_equivalences.py,draft,,
perimeterHeatingValveFb,radiantHeatingValveFb,site_variant,both,"cross_site,display_sim",0,1,0.5,0.75,True,True,draft_equivalences.py,draft,,
perimeterHeatingValveFb,reHeatingValveFb,site_variant,both,"cross_site,display_sim",0,1,0.6,0.75,True,True,draft_equivalences.py,draft,,
priLeavingIsoValve,priLeavingIsoValveFb,parent,a_to_b,"cross_site,display_sim",0,1,0.75,0.8,True,True,draft_equivalences.py,draft,,
priLeavingTempLoSp,secLeavingTempLoSp,site_variant,both,"confusion,display_sim",3,0,0.714,0.8,True,True,draft_equivalences.py,draft,,
priPumpSpeed,priPumpSpeedFb,parent,a_to_b,"cross_site,display_sim",0,1,0.667,0.857,True,True,draft_equivalences.py,draft,,
returnCO2,returnCO2Sp,parent,a_to_b,"cross_site,display_sim",0,1,0.5,0.8,True,True,draft_equivalences.py,draft,,
returnPressure,returnPressureSp,parent,a_to_b,"cross_site,display_sim",0,1,0.571,0.8,True,True,draft_equivalences.py,draft,,
secEnteringIsoValve,secValve,parent,b_to_a,confusion,3,0,0.556,0.75,True,False,draft_equivalences.py,draft,,
sumpTemp,twrSumpTemp,parent,a_to_b,confusion,3,0,,0.8,,,draft_equivalences.py,draft,,
twrFanSpeed,twrFanSpeedFb,parent,a_to_b,"cross_site,display_sim,probe",0,1,0.667,0.857,True,True,draft_equivalences.py,draft,,
wheelDischargeTemp,wheelDischargeTempSp,parent,a_to_b,"confusion,display_sim",3,0,0.571,0.857,True,True,draft_equivalences.py,draft,,
zoneCO,zoneCO2MaxSp,parent,a_to_b,confusion,3,0,0.286,0.333,True,True,draft_equivalences.py,draft,,
zoneCO,zoneCO2MinSp,parent,a_to_b,confusion,3,0,0.286,0.333,True,True,draft_equivalences.py,draft,,
zoneCO2MaxSp,zoneCOMaxSp,parent,b_to_a,"confusion,display_sim",3,0,0.667,0.75,True,True,draft_equivalences.py,draft,,
zoneCoolSp,zoneHeatSp,site_variant,both,"cross_site,display_sim",0,1,0.75,0.75,True,True,draft_equivalences.py,draft,,
zoneTempSp,zoneTempSpLocal,parent,a_to_b,"cross_site,display_sim",0,1,0.714,0.857,True,True,draft_equivalences.py,draft,,
bypassDamper,faceBypassDamper,parent,a_to_b,"confusion,display_sim,probe",2,0,0.5,0.857,True,True,draft_equivalences.py,draft,,
coldDeckDischargeFlowSp,dischargeFlowSp,parent,b_to_a,confusion,2,0,0.714,0.5,True,True,draft_equivalences.py,draft,,
coldDeckDischargeTempMinSp,dischargeTempMinSp,parent,b_to_a,"confusion,display_sim",2,0,0.625,0.833,True,True,draft_equivalences.py,draft,,
condEnteringIsoValve,condLeavingIsoValve,site_variant,both,"confusion,display_sim",2,0,0.75,0.8,True,True,draft_equivalences.py,draft,,
condEnteringTemp,condEnteringTempSp,parent,a_to_b,"confusion,display_sim",2,0,0.571,0.857,True,True,draft_equivalences.py,draft,,
condPressureDeltaSp,secPressureDeltaSp,site_variant,both,"confusion,display_sim",2,0,0.75,0.75,True,True,draft_equivalences.py,draft,,
coolingCoilDischargeTempSp,dischargeTempCoolSp,site_variant,both,"confusion,display_sim",2,0,0.556,0.889,True,True,draft_equivalences.py,draft,,
evapLeavingFlow,priLeavingFlow,site_variant,both,confusion,2,0,0.667,0.667,True,True,draft_equivalences.py,draft,,
evapLeavingTempHiSp,secLeavingTempHiSp,site_variant,both,confusion,2,0,0.714,0.8,True,True,draft_equivalences.py,draft,,
evapLeavingTempSp,twrLeavingTempSp,site_variant,both,confusion,2,0,0.625,0.75,True,True,draft_equivalences.py,draft,,
evapPump,evapPumpEnable,parent,a_to_b,confusion,2,0,0.667,0.667,False,True,draft_equivalences.py,draft,,
heatingEnable,heatingStageEnable,parent,a_to_b,confusion,2,0,0.4,0.667,False,True,draft_equivalences.py,draft,,
heatingEnable,preHeatingEnable,parent,a_to_b,"confusion,display_sim",2,0,0.6,0.857,False,True,draft_equivalences.py,draft,,
heatingStage,heatingStageMod,parent,a_to_b,"confusion,display_sim",2,0,0.5,0.857,False,False,draft_equivalences.py,draft,,
minOutsideFlow,outsideFlowMinSp,parent,a_to_b,confusion,2,0,0.286,0.286,True,True,draft_equivalences.py,draft,,
powerReal,powerRealMax,parent,a_to_b,"confusion,display_sim",2,0,0.5,0.8,True,True,draft_equivalences.py,draft,,
recPump,recPumpSpeed,parent,a_to_b,confusion,2,0,0.667,0.667,False,False,draft_equivalences.py,draft,,
secEnteringTemp,secEnteringTempSp,parent,a_to_b,"confusion,display_sim",2,0,0.571,0.857,True,True,draft_equivalences.py,draft,,
secLeavingTemp,secLeavingTempSp,parent,a_to_b,"confusion,display_sim",2,0,0.5,0.857,True,True,draft_equivalences.py,draft,,
wheel,wheelReturnFan,parent,a_to_b,confusion,2,0,0.429,0.667,False,True,draft_equivalences.py,draft,,
wheel,wheelReturnHumidity,parent,a_to_b,confusion,2,0,0.125,0.4,False,False,draft_equivalences.py,draft,,
zoneCO2Sp,zoneCOSp,parent,b_to_a,confusion,2,0,0.667,0.667,True,True,draft_equivalences.py,draft,,
zoneTempAvgSp,zoneTempSpBAS,site_variant,both,confusion,2,0,,0.75,,,draft_equivalences.py,draft,,
dischargeFlowCoolMaxSp,dischargeFlowSp,parent,b_to_a,probe,1,0,0.5,0.667,True,True,draft_equivalences.py,draft,,
coolingStage,coolingStageStatus,parent,a_to_b,probe,0,0,0.5,0.667,False,True,draft_equivalences.py,draft,,
dischargeFanSpeed,dischargeFanSpeedSp,parent,a_to_b,"display_sim,probe",0,0,0.5,0.857,True,True,draft_equivalences.py,draft,,
dischargeFlow,dischargeFlowStatus,parent,a_to_b,"display_sim,probe",0,0,0.667,0.8,False,False,draft_equivalences.py,draft,,
evapEnteringIsoValve,evapIsoValveStatus,site_variant,both,probe,0,0,,0.75,,,draft_equivalences.py,draft,,
evapIsoValve,evapIsoValveStatus,parent,a_to_b,probe,0,0,,0.857,,,draft_equivalences.py,draft,,
filterAlarm,unitFilterAlarm,parent,a_to_b,probe,0,0,,0.8,,,draft_equivalences.py,draft,,
freezeProtect,freezeProtectEnable,parent,a_to_b,"display_sim,probe",0,0,0.6,0.8,False,True,draft_equivalences.py,draft,,
powerReal,zonePowerReal,parent,a_to_b,probe,0,0,,0.8,,,draft_equivalences.py,draft,,
zoneCO2MaxSp,zoneCO2Sp,parent,b_to_a,"display_sim,probe",0,0,0.667,0.857,True,True,draft_equivalences.py,draft,,
zoneTempHiSp,zoneTempMaxSp,site_variant,both,"display_sim,probe",0,0,0.714,0.75,True,True,draft_equivalences.py,draft,,
zoneTempLoSp,zoneTempMinSp,site_variant,both,"display_sim,probe",0,0,0.714,0.75,True,True,draft_equivalences.py,draft,,
